[
  {
    "headline": {
      "text": "Quo Ea Publica Non Oppresso Ex Saepe Sessio",
      "subText": "",
      "link": {
        "href": "/themes/liara/how-we-rethink-our-approach-to-theme-design",
        "text": "Quo Ea Publica Non Oppresso Ex Saepe Sessio"
      }
    },
    "excerpt": {
      "text": "Sed’p il class nisi ad hac nemo minus massa eum, qui ad assum ullo ut quo methodo? E cras exprimere eos nec mus eum quia nemo unde eum atque mi iste louor te. S falli eundrm lorem se nec quasi non Y arcu dignos ad est modo casimirus quae nec quos arcui."
    },
    "text": "<h2>Lorem Ipsum Dolor Amet (h2)</h2><p>Orci te y <a href=\"#\">text link</a> M’a lius directi pede. Modernum occidit solatium assum, mi iactantia vel inauguratus eius. Eos crimen vitae, impavidum sunt facundissima ea, peccantibus id vero. Mus iustitiae longas incusando. Lacus similique minim assistere assum fabula vitium. Eos imperium principes dui, in spectaculum obviam consiliis sem. Nec totaliter magna dicta facilisis cubiculo. Essentiam <a href=\"#\">dictum enim</a> libero, et blandit tellus commodo ut. Ut augue nunc, luctus eu gravida in, auctor nec magna. Fusce nec nibh non leo consequat ultricies. Morbi et est tincidunt odio interdum dictum at nec leo. Duis volutpat lorem sed elit efficitur, vitae cursus tortor scelerisque. Vestibulum vestibulum ipsum sit amet dolor tempor posuere. Aliquam luctus ipsum eget enim elementum, rutrum ultricies ligula faucibus. In ac odio vehicula, semper augue et, porttitor metus. Cras <a href=\"#\">vehicula lacus sed augue</a> consequat, ac ornare turpis laoreet.</p>\n<h3>Lorem Ipsum Dolor Amet (h3)</h3><p>Etiam varius, tortor ac egestas posuere, lectus dolor accumsan nibh, sed gravida ex dolor <a href=\"#\">condimentum</a> leo. Aenean imperdiet augue vel felis euismod sagittis. Ut ac nisi ac mi gravida pretium id eu nulla. Phasellus eu est mattis, dignissim neque eu, interdum nisl. Nulla ligula ex, facilisis in mollis at, sagittis vel lorem. Cras rutrum arcu vel tincidunt commodo. Mauris vel viverra eros. Integer sit amet maximus ex.</p>\n<h4>Lorem Ipsum Dolor Amet (h4)</h4><p>Cras sit amet nibh dui. Maecenas non accumsan est. Maecenas elementum sapien ac velit sodales, eu maximus velit vehicula. Sed at aliquet sem. Donec tincidunt libero nec arcu maximus, eget dapibus elit porta. <a href=\"#\">Nullam tristique molestie</a> condimentum. Morbi fringilla justo vitae nisl vestibulum, sit amet placerat tortor consectetur. Sed commodo nisl sapien, sed luctus magna finibus sed.</p>\n<h5>Lorem Ipsum Dolor Amet (h5)</h5><p>In pellentesque tellus vel orci vestibulum, eget molestie elit vestibulum. Vestibulum ante ipsum primis in faucibus orci luctus et ultrices posuere cubilia Curae; Curabitur eu porta quam. Curabitur et lectus sit amet massa consequat iaculis quis in nibh. Quisque sed consequat ante, nec egestas elit. Sed sit amet sem in ante hendrerit tristique sed sed sapien. Donec vel urna at mauris cursus pharetra at <a href=\"#\">nec nibh</a>.</p>",
    "categories": [
      "Learning",
      "Thougts"
    ],
    "image": {
      "src": "liara/images/blog/road.jpg"
    },
    "copyright": {
      "title": "Johannes Plenio",
      "link": {
        "href": "https://pixabay.com/users/jplenio-7645255/?utm_source=link-attribution&amp;utm_medium=referral&amp;utm_campaign=image&amp;utm_content=3097456"
      }
    },
    "author": {
      "link": {
        "text": "Genere Nomina",
        "href": "/themes/liara/author/markus-zundel"
      },
      "image": {
        "src": "liara/images/peoples/men.jpg"
      }
    },
    "category": [
      {
        "link": {
          "text": "Lorem",
          "href": "lorem"
        }
      },
      {
        "link": {
          "text": "Ipsum",
          "href": "ipsum"
        }
      },
      {
        "link": {
          "text": "Morbi tincidunt",
          "href": "morbi-tincidunt"
        }
      },
      {
        "link": {
          "text": "Maecenas iaculis ultrices",
          "href": "maecenas-iaculis-ultrices"
        }
      }
    ],
    "publishedDate": "25. October 2019",
    "comments": ""
  },
  {
    "headline": {
      "text": "Rem Eum Nemo Nec Enim E’ex Quaedam Nemo In",
      "subText": "",
      "link": {
        "href": "/themes/liara/how-we-rethink-our-approach-to-theme-design",
        "text": "Rem Eum Nemo Nec Enim E’ex Quaedam Nemo In"
      }
    },
    "excerpt": {
      "text": "Mi’v filio dis qui eum ut 7017, est A alias P nunc vulncre augusta ea quos nibh eum convicia id modo y “Cum cras” dis mi odit nemo, odit A lius modo at assum ad absolute sint cum."
    },
    "text": "<p class=\"intro\">Mi’v filio dis qui eum ut 7017, est A alias P nunc vulncre augusta ea quos nibh eum convicia id modo y “Cum cras” dis mi odit nemo, odit A lius modo at assum ad absolute sint cum.</p>\n<p><span class=\"dropcap\">S</span>ed nulla turpis, pulvinar eget bibendum vehicula, pharetra vitae augue. Fusce sed ipsum vitae erat facilisis maximus. Morbi convallis semper quam sed finibus. Sed at neque lobortis, pellentesque massa non, tincidunt lectus. Nunc pretium velit ante, in porta dui blandit in. Etiam rutrum convallis risus sed laoreet. Integer ultrices odio id ipsum tincidunt, sit amet consectetur dui rutrum. </p>\n<h2>Orci te y h2 headline</h2>\n<p>Pellentesque hendrerit a nisi sed venenatis. Class aptent taciti sociosqu ad litora torquent per conubia nostra, per inceptos himenaeos. Vestibulum viverra lacus mauris, in pellentesque ligula ultrices nec. Sed viverra, magna ac elementum dignissim, ex orci ornare dui, id volutpat elit ex vitae ipsum.</p>\n<h3>Orci te y h3 headline</h3>\n<p>Morbi hendrerit non nisi ac pretium. Sed blandit ligula tellus. Donec tellus ligula, congue ac commodo eget, sollicitudin in ligula. Vestibulum porttitor est fermentum consectetur gravida. Vivamus congue dignissim mi fringilla molestie. Fusce nec enim felis. Integer arcu ligula, vehicula in viverra eu, ullamcorper non lorem. Mauris lectus dolor, maximus ac urna id, tristique molestie turpis. Duis elementum maximus posuere. Phasellus id quam ligula. Mauris vitae nunc id odio pulvinar tincidunt in eu arcu.</p>\n<h4>Orci te y h4 headline</h4>\n<p>Aliquam erat volutpat. Proin dictum, lorem sit amet interdum finibus, justo velit convallis leo, et egestas ex elit et nisi. Mauris erat arcu, lacinia eu aliquam ac, sodales non nibh. Class aptent taciti sociosqu ad litora torquent per conubia nostra, per inceptos himenaeos. </p>\n<h5>Orci te y h5 headline</h5>\n<p>Suspendisse sit amet eleifend mi. Nulla sagittis risus ut justo elementum vulputate. Praesent ac diam a sem mattis tincidunt ac vitae lacus. Nunc porta purus metus, sit amet auctor lorem convallis hendrerit. Cras pharetra dapibus ipsum non euismod. </p>\n<h6>Orci te y h6 headline</h6>\n<p>Vestibulum et risus ut neque volutpat sodales quis nec nunc. Mauris cursus lacinia turpis, eu rhoncus elit finibus quis. Integer sollicitudin neque pretium sapien vulputate, quis feugiat lacus pharetra. Duis hendrerit arcu sit amet tortor convallis bibendum. Cras malesuada turpis sem, id varius dolor porttitor a. Etiam sit amet arcu quis libero convallis congue. Nullam varius elit mi, ac faucibus mi eleifend et. In hac habitasse platea dictumst.</p>",
    "categories": [
      "Learning",
      "Thougts"
    ],
    "image": {
      "src": "liara/images/blog/beach.jpg"
    },
    "copyright": {
      "title": "Johannes Plenio",
      "link": {
        "href": "https://pixabay.com/users/jplenio-7645255/?utm_source=link-attribution&amp;utm_medium=referral&amp;utm_campaign=image&amp;utm_content=3097456"
      }
    },
    "author": {
      "link": {
        "text": "Genere Nomina",
        "href": "/themes/liara/author/markus-zundel"
      },
      "image": {
        "src": "liara/images/peoples/men.jpg"
      }
    },
    "category": [
      {
        "link": {
          "text": "Lorem",
          "href": "/themes/liara/lorem"
        }
      },
      {
        "link": {
          "text": "Ipsum",
          "href": "/themes/liara/ipsum"
        }
      },
      {
        "link": {
          "text": "Morbi tincidunt",
          "href": "/themes/liara/morbi-tincidunt"
        }
      },
      {
        "link": {
          "text": "Maecenas iaculis ultrices",
          "href": "/themes/liara/maecenas-iaculis-ultrices"
        }
      }
    ],
    "publishedDate": "23. November 2019",
    "comments": ""
  },
  {
    "headline": {
      "text": "Hac Y Quos Solenniter",
      "subText": "",
      "link": {
        "href": "/themes/liara/how-we-rethink-our-approach-to-theme-design",
        "text": "Hac Y Quos Solenniter"
      }
    },
    "excerpt": {
      "text": "Rem w duis nisi D nec clementiam ad leo diam et fructifera. Quo dicta justo ti’m donec aut et eos se quae, dis il malevoli atque ac nunc servire eros duis eum. "
    },
    "text": "<p>Rem w duis nisi D nec clementiam ad leo diam et fructifera. Quo dicta justo ti’m donec aut et eos se quae, dis il malevoli atque ac nunc servire eros duis eum. Eripere ad E pennata diam ex dapibus sint occidentem cum m sequi quo eum inncem aut tantum fusce quam sonini. Ut arcana nisl si se fuga, leo lius ipsa laudare’e urna typi mus unde te accessus hic usus capita quo fuga quas enim putamus eum effectu usus unde lius velit.</p>\n<p>Ea volumen quam ad ullam optio est nec quo diam fuga’y nunc urna in qui, viribus se eius eiusdem se. W vitae provident erat mutare suplex et arcu arcu ullam eum meliorem longas’w quod in nisl est quam non viscera ac. Ea ea gremio nec triduo te laboriosam. Magna ullo eum ac eius’e natus consilio sonini ea duis ad pede eu non maximum aut, urna eget nunc harum.</p>\n<p>Ex me Y cursum w eodem dicta D iactura quia id nuntios convaluit pietas si sit. S sunt dextre id usus assum quoquo quod regalia rem Y esse poenis poenam angulari dui v ullam ac m cadentes.</p>\n<p class=\"pull-left\">Parum A’p quod potentia at ea iure ut sem unde justo, innatus eget nec nisi te d unde, iure pede.</p>\n<p>Augue O’w arcu stataria et se odio si eum quos animi, statera orci nam iste id m urna, enim quas. A unde eos wisi ullo te qui aspernatur est harum harum eu nulla eum E typi apparet est domesticas W unde. Est dis ab facer wisi conservatione diam eorum nisl P erat te omnis liber nativo nam dui per usus ex P vero. S esse e eros significatio succursu, P minim me ipsam arcu dui semper quos nemo earum ipsa ad. Mus O iure ti sint eum. O nibh ut virtus nihil cum lius V eum’o urna ut augue atque iis ab fortem.</p>\n<p>A fuga in modo ex rem duis quo nec ante ea modo duis me E luptatum quis mi aut. Debent vel sequi id eget id sunt eu tristique si eu. P eius te per non hac opponite quas hac ripensi eos quas nisi per commenti il autem in honorem ipsa. Mi eos’se et m repudiandae hac ullo atque confessata et esse utrumque odio, non sem gloria ullo victus.</p>",
    "categories": [
      "Learning",
      "Thougts"
    ],
    "image": {
      "src": "liara/images/blog/death-valley.jpg"
    },
    "copyright": {
      "title": "Johannes Plenio",
      "link": {
        "href": "https://pixabay.com/users/jplenio-7645255/?utm_source=link-attribution&amp;utm_medium=referral&amp;utm_campaign=image&amp;utm_content=3097456"
      }
    },
    "author": {
      "link": {
        "text": "Genere Nomina",
        "href": "/themes/liara/author/markus-zundel"
      },
      "image": {
        "src": "liara/images/peoples/men.jpg"
      }
    },
    "category": [
      {
        "link": {
          "text": "Lorem",
          "href": "/themes/liara/lorem"
        }
      },
      {
        "link": {
          "text": "Ipsum",
          "href": "/themes/liara/ipsum"
        }
      },
      {
        "link": {
          "text": "Morbi tincidunt",
          "href": "/themes/liara/morbi-tincidunt"
        }
      },
      {
        "link": {
          "text": "Maecenas iaculis ultrices",
          "href": "/themes/liara/maecenas-iaculis-ultrices"
        }
      }
    ],
    "publishedDate": "22. November 2019",
    "comments": ""
  },
  {
    "headline": {
      "text": "Nostrum leo Segete Te Cum Minaci",
      "subText": "",
      "link": {
        "href": "/themes/liara/how-we-rethink-our-approach-to-theme-design",
        "text": "Nostrum leo Segete Te Cum Minaci"
      }
    },
    "excerpt": {
      "text": "Ea usus ut troiano per eros, sem luctam per sit ille ad ti. Et rerum ea falsus nam usus at apostrophe, at perare non elit sunt eros et quae eos vero eos optio ti sint caricas, nunc mus iure."
    },
    "text": "<p>Ea usus ut troiano per eros, sem luctam per sit ille ad ti. Et rerum ea falsus nam usus at apostrophe, at perare non elit sunt eros et quae eos vero eos optio ti sint caricas, nunc mus iure. Aut commune eu parcam eos qui ad usus te convincere cum cum doloris quo’d pede te eros error w sit et iusto.</p>\n<p>Morbi piogenerant te populo a benevolentia. Nec criminis destituta proin alias impedient. Fames id purus si sint afflictum pusillus. Quo sit ante mandata eius. Octavas rem et daniae, facer error at, capere porta. Per eget et te mazim aspirare vindices odio leo esse. Zzril bonarum dui si parcam volumen. Quos v purus dui eget levitas ossibus meritum eum fiant.</p>\n\n<p>Aenean urna nunc, commodo et placerat at, efficitur vitae quam. Aliquam tristique sodales gravida. Vestibulum maximus posuere ullamcorper. Integer accumsan est in magna pellentesque elementum. Nunc aliquet risus nec tortor convallis, eget congue justo efficitur. Maecenas porta, dolor in ornare tempus, felis massa feugiat lectus, non pulvinar lacus nisi non dolor. Nulla sit amet pharetra libero, at vehicula mi. Nam a purus et tellus sodales tempor. Curabitur placerat magna mi, at aliquam turpis condimentum volutpat. Nulla ligula massa, congue sed efficitur nec, placerat ac ante. Sed tempor fringilla ligula, a vestibulum nisi porttitor ut. Praesent in velit in nisi dignissim luctus sit amet lobortis elit. Maecenas facilisis elit vitae ipsum vestibulum, et aliquam dolor finibus. Donec tempus lectus quis massa blandit varius. Orci varius natoque penatibus et magnis dis parturient montes, nascetur ridiculus mus.</p>\n<p>Curabitur ullamcorper leo mattis metus accumsan, eget tempus justo iaculis. Integer lacus elit, tincidunt et elementum eu, aliquam ac justo. Aenean euismod aliquam convallis. Nunc varius nulla in pellentesque aliquam. Cras hendrerit dui a nulla feugiat dapibus. Nullam eu massa sit amet ante scelerisque iaculis ac vel dui. In hac habitasse platea dictumst. Vivamus egestas odio in dapibus sodales. Aliquam quis nunc eu ipsum aliquam tincidunt. Etiam fringilla aliquet ligula in congue.</p>",
    "categories": [
      "Learning",
      "Thougts"
    ],
    "image": {
      "src": "liara/images/homepage/italy.jpg"
    },
    "copyright": {
      "title": "Johannes Plenio",
      "link": {
        "href": "https://pixabay.com/users/jplenio-7645255/?utm_source=link-attribution&amp;utm_medium=referral&amp;utm_campaign=image&amp;utm_content=3097456"
      }
    },
    "author": {
      "link": {
        "text": "Genere Nomina",
        "href": "/themes/liara/author/markus-zundel"
      },
      "image": {
        "src": "liara/images/peoples/men.jpg"
      }
    },
    "category": [
      {
        "link": {
          "text": "Lorem",
          "href": "/themes/liara/lorem"
        }
      },
      {
        "link": {
          "text": "Ipsum",
          "href": "/themes/liara/ipsum"
        }
      },
      {
        "link": {
          "text": "Morbi tincidunt",
          "href": "/themes/liara/morbi-tincidunt"
        }
      },
      {
        "link": {
          "text": "Maecenas iaculis ultrices",
          "href": "/themes/liara/maecenas-iaculis-ultrices"
        }
      }
    ],
    "publishedDate": "21. November 2019",
    "comments": ""
  },
  {
    "headline": {
      "text": "Quo Ea Publica Non Oppresso Ex Saepe Sessio",
      "subText": "",
      "link": {
        "href": "/themes/liara/how-we-rethink-our-approach-to-theme-design",
        "text": "Quo Ea Publica Non Oppresso Ex Saepe Sessio"
      }
    },
    "excerpt": {
      "text": "Nam’e ti culpa iste ea cum esse proin error sed, hic ac neque wisi id quo seacula? P quam innumeros mus non eum mus diam urna esse mus omnis si wisi omnis mi. P illis congue louor ea nec ipsam cum O urna paucis ea leo quos desideria nunc non quod omnis."
    },
    "text": "<h2>Lorem Ipsum Dolor Amet (h2)</h2><p>Orci te y <a href=\"#\">text link</a> M’a lius directi pede. Modernum occidit solatium assum, mi iactantia vel inauguratus eius. Eos crimen vitae, impavidum sunt facundissima ea, peccantibus id vero. Mus iustitiae longas incusando. Lacus similique minim assistere assum fabula vitium. Eos imperium principes dui, in spectaculum obviam consiliis sem. Nec totaliter magna dicta facilisis cubiculo. Essentiam <a href=\"#\">dictum enim</a> libero, et blandit tellus commodo ut. Ut augue nunc, luctus eu gravida in, auctor nec magna. Fusce nec nibh non leo consequat ultricies. Morbi et est tincidunt odio interdum dictum at nec leo. Duis volutpat lorem sed elit efficitur, vitae cursus tortor scelerisque. Vestibulum vestibulum ipsum sit amet dolor tempor posuere. Aliquam luctus ipsum eget enim elementum, rutrum ultricies ligula faucibus. In ac odio vehicula, semper augue et, porttitor metus. Cras <a href=\"#\">vehicula lacus sed augue</a> consequat, ac ornare turpis laoreet.</p>\n<h3>Lorem Ipsum Dolor Amet (h3)</h3><p>Etiam varius, tortor ac egestas posuere, lectus dolor accumsan nibh, sed gravida ex dolor <a href=\"#\">condimentum</a> leo. Aenean imperdiet augue vel felis euismod sagittis. Ut ac nisi ac mi gravida pretium id eu nulla. Phasellus eu est mattis, dignissim neque eu, interdum nisl. Nulla ligula ex, facilisis in mollis at, sagittis vel lorem. Cras rutrum arcu vel tincidunt commodo. Mauris vel viverra eros. Integer sit amet maximus ex.</p>\n<h4>Lorem Ipsum Dolor Amet (h4)</h4><p>Cras sit amet nibh dui. Maecenas non accumsan est. Maecenas elementum sapien ac velit sodales, eu maximus velit vehicula. Sed at aliquet sem. Donec tincidunt libero nec arcu maximus, eget dapibus elit porta. <a href=\"#\">Nullam tristique molestie</a> condimentum. Morbi fringilla justo vitae nisl vestibulum, sit amet placerat tortor consectetur. Sed commodo nisl sapien, sed luctus magna finibus sed.</p>\n<h5>Lorem Ipsum Dolor Amet (h5)</h5><p>In pellentesque tellus vel orci vestibulum, eget molestie elit vestibulum. Vestibulum ante ipsum primis in faucibus orci luctus et ultrices posuere cubilia Curae; Curabitur eu porta quam. Curabitur et lectus sit amet massa consequat iaculis quis in nibh. Quisque sed consequat ante, nec egestas elit. Sed sit amet sem in ante hendrerit tristique sed sed sapien. Donec vel urna at mauris cursus pharetra at <a href=\"#\">nec nibh</a>.</p>",
    "categories": [
      "Learning",
      "Thougts"
    ],
    "image": {
      "src": "liara/images/blog/road.jpg"
    },
    "copyright": {
      "title": "Johannes Plenio",
      "link": {
        "href": "https://pixabay.com/users/jplenio-7645255/?utm_source=link-attribution&amp;utm_medium=referral&amp;utm_campaign=image&amp;utm_content=3097456"
      }
    },
    "author": {
      "link": {
        "text": "Genere Nomina",
        "href": "/themes/liara/author/markus-zundel"
      },
      "image": {
        "src": "liara/images/peoples/men.jpg"
      }
    },
    "category": [
      {
        "link": {
          "text": "Lorem",
          "href": "/themes/liara/lorem"
        }
      },
      {
        "link": {
          "text": "Ipsum",
          "href": "/themes/liara/ipsum"
        }
      },
      {
        "link": {
          "text": "Morbi tincidunt",
          "href": "/themes/liara/morbi-tincidunt"
        }
      },
      {
        "link": {
          "text": "Maecenas iaculis ultrices",
          "href": "/themes/liara/maecenas-iaculis-ultrices"
        }
      }
    ],
    "publishedDate": "25. October 2019",
    "comments": ""
  },
  {
    "headline": {
      "text": "Rem Eum Nemo Nec Enim E’ex Quaedam Nemo In",
      "subText": "",
      "link": {
        "href": "/themes/liara/how-we-rethink-our-approach-to-theme-design",
        "text": "Rem Eum Nemo Nec Enim E’ex Quaedam Nemo In"
      }
    },
    "excerpt": {
      "text": "Mi’v filio dis qui eum ut 7017, est A alias P nunc vulncre augusta ea quos nibh eum convicia id modo y “Cum cras” dis mi odit nemo, odit A lius modo at assum ad absolute sint cum."
    },
    "text": "<p class=\"intro\">Mi’v filio dis qui eum ut 7017, est A alias P nunc vulncre augusta ea quos nibh eum convicia id modo y “Cum cras” dis mi odit nemo, odit A lius modo at assum ad absolute sint cum.</p>\n<p><span class=\"dropcap\">S</span>ed nulla turpis, pulvinar eget bibendum vehicula, pharetra vitae augue. Fusce sed ipsum vitae erat facilisis maximus. Morbi convallis semper quam sed finibus. Sed at neque lobortis, pellentesque massa non, tincidunt lectus. Nunc pretium velit ante, in porta dui blandit in. Etiam rutrum convallis risus sed laoreet. Integer ultrices odio id ipsum tincidunt, sit amet consectetur dui rutrum. </p>\n<h2>Orci te y h2 headline</h2>\n<p>Pellentesque hendrerit a nisi sed venenatis. Class aptent taciti sociosqu ad litora torquent per conubia nostra, per inceptos himenaeos. Vestibulum viverra lacus mauris, in pellentesque ligula ultrices nec. Sed viverra, magna ac elementum dignissim, ex orci ornare dui, id volutpat elit ex vitae ipsum.</p>\n<h3>Orci te y h3 headline</h3>\n<p>Morbi hendrerit non nisi ac pretium. Sed blandit ligula tellus. Donec tellus ligula, congue ac commodo eget, sollicitudin in ligula. Vestibulum porttitor est fermentum consectetur gravida. Vivamus congue dignissim mi fringilla molestie. Fusce nec enim felis. Integer arcu ligula, vehicula in viverra eu, ullamcorper non lorem. Mauris lectus dolor, maximus ac urna id, tristique molestie turpis. Duis elementum maximus posuere. Phasellus id quam ligula. Mauris vitae nunc id odio pulvinar tincidunt in eu arcu.</p>\n<h4>Orci te y h4 headline</h4>\n<p>Aliquam erat volutpat. Proin dictum, lorem sit amet interdum finibus, justo velit convallis leo, et egestas ex elit et nisi. Mauris erat arcu, lacinia eu aliquam ac, sodales non nibh. Class aptent taciti sociosqu ad litora torquent per conubia nostra, per inceptos himenaeos. </p>\n<h5>Orci te y h5 headline</h5>\n<p>Suspendisse sit amet eleifend mi. Nulla sagittis risus ut justo elementum vulputate. Praesent ac diam a sem mattis tincidunt ac vitae lacus. Nunc porta purus metus, sit amet auctor lorem convallis hendrerit. Cras pharetra dapibus ipsum non euismod. </p>\n<h6>Orci te y h6 headline</h6>\n<p>Vestibulum et risus ut neque volutpat sodales quis nec nunc. Mauris cursus lacinia turpis, eu rhoncus elit finibus quis. Integer sollicitudin neque pretium sapien vulputate, quis feugiat lacus pharetra. Duis hendrerit arcu sit amet tortor convallis bibendum. Cras malesuada turpis sem, id varius dolor porttitor a. Etiam sit amet arcu quis libero convallis congue. Nullam varius elit mi, ac faucibus mi eleifend et. In hac habitasse platea dictumst.</p>",
    "categories": [
      "Learning",
      "Thougts"
    ],
    "image": {
      "src": "liara/images/blog/beach.jpg"
    },
    "copyright": {
      "title": "Johannes Plenio",
      "link": {
        "href": "https://pixabay.com/users/jplenio-7645255/?utm_source=link-attribution&amp;utm_medium=referral&amp;utm_campaign=image&amp;utm_content=3097456"
      }
    },
    "author": {
      "link": {
        "text": "Genere Nomina",
        "href": "/themes/liara/author/markus-zundel"
      },
      "image": {
        "src": "liara/images/peoples/men.jpg"
      }
    },
    "category": [
      {
        "link": {
          "text": "Lorem",
          "href": "/themes/liara/lorem"
        }
      },
      {
        "link": {
          "text": "Ipsum",
          "href": "/themes/liara/ipsum"
        }
      },
      {
        "link": {
          "text": "Morbi tincidunt",
          "href": "/themes/liara/morbi-tincidunt"
        }
      },
      {
        "link": {
          "text": "Maecenas iaculis ultrices",
          "href": "/themes/liara/maecenas-iaculis-ultrices"
        }
      }
    ],
    "publishedDate": "23. November 2019",
    "comments": ""
  },
  {
    "headline": {
      "text": "Hac Y Quos Solenniter",
      "subText": "",
      "link": {
        "href": "/themes/liara/how-we-rethink-our-approach-to-theme-design",
        "text": "Hac Y Quos Solenniter"
      }
    },
    "excerpt": {
      "text": "Rem w duis nisi D nec clementiam ad leo diam et fructifera. Quo dicta justo ti’m donec aut et eos se quae, dis il malevoli atque ac nunc servire eros duis eum. "
    },
    "text": "<p>Rem w duis nisi D nec clementiam ad leo diam et fructifera. Quo dicta justo ti’m donec aut et eos se quae, dis il malevoli atque ac nunc servire eros duis eum. Eripere ad E pennata diam ex dapibus sint occidentem cum m sequi quo eum inncem aut tantum fusce quam sonini. Ut arcana nisl si se fuga, leo lius ipsa laudare’e urna typi mus unde te accessus hic usus capita quo fuga quas enim putamus eum effectu usus unde lius velit.</p>\n<p>Ea volumen quam ad ullam optio est nec quo diam fuga’y nunc urna in qui, viribus se eius eiusdem se. W vitae provident erat mutare suplex et arcu arcu ullam eum meliorem longas’w quod in nisl est quam non viscera ac. Ea ea gremio nec triduo te laboriosam. Magna ullo eum ac eius’e natus consilio sonini ea duis ad pede eu non maximum aut, urna eget nunc harum.</p>\n<p>Ex me Y cursum w eodem dicta D iactura quia id nuntios convaluit pietas si sit. S sunt dextre id usus assum quoquo quod regalia rem Y esse poenis poenam angulari dui v ullam ac m cadentes.</p>\n<p class=\"pull-left\">Parum A’p quod potentia at ea iure ut sem unde justo, innatus eget nec nisi te d unde, iure pede.</p>\n<p>Augue O’w arcu stataria et se odio si eum quos animi, statera orci nam iste id m urna, enim quas. A unde eos wisi ullo te qui aspernatur est harum harum eu nulla eum E typi apparet est domesticas W unde. Est dis ab facer wisi conservatione diam eorum nisl P erat te omnis liber nativo nam dui per usus ex P vero. S esse e eros significatio succursu, P minim me ipsam arcu dui semper quos nemo earum ipsa ad. Mus O iure ti sint eum. O nibh ut virtus nihil cum lius V eum’o urna ut augue atque iis ab fortem.</p>\n<p>A fuga in modo ex rem duis quo nec ante ea modo duis me E luptatum quis mi aut. Debent vel sequi id eget id sunt eu tristique si eu. P eius te per non hac opponite quas hac ripensi eos quas nisi per commenti il autem in honorem ipsa. Mi eos’se et m repudiandae hac ullo atque confessata et esse utrumque odio, non sem gloria ullo victus.</p>",
    "categories": [
      "Learning",
      "Thougts"
    ],
    "image": {
      "src": "liara/images/blog/death-valley.jpg"
    },
    "copyright": {
      "title": "Johannes Plenio",
      "link": {
        "href": "https://pixabay.com/users/jplenio-7645255/?utm_source=link-attribution&amp;utm_medium=referral&amp;utm_campaign=image&amp;utm_content=3097456"
      }
    },
    "author": {
      "link": {
        "text": "Genere Nomina",
        "href": "/themes/liara/author/markus-zundel"
      },
      "image": {
        "src": "liara/images/peoples/men.jpg"
      }
    },
    "category": [
      {
        "link": {
          "text": "Lorem",
          "href": "/themes/liara/lorem"
        }
      },
      {
        "link": {
          "text": "Ipsum",
          "href": "/themes/liara/ipsum"
        }
      },
      {
        "link": {
          "text": "Morbi tincidunt",
          "href": "/themes/liara/morbi-tincidunt"
        }
      },
      {
        "link": {
          "text": "Maecenas iaculis ultrices",
          "href": "/themes/liara/maecenas-iaculis-ultrices"
        }
      }
    ],
    "publishedDate": "22. November 2019",
    "comments": ""
  },
  {
    "headline": {
      "text": "Nostrum leo Segete Te Cum Minaci",
      "subText": "",
      "link": {
        "href": "/themes/liara/how-we-rethink-our-approach-to-theme-design",
        "text": "Nostrum leo Segete Te Cum Minaci"
      }
    },
    "excerpt": {
      "text": "Ea usus ut troiano per eros, sem luctam per sit ille ad ti. Et rerum ea falsus nam usus at apostrophe, at perare non elit sunt eros et quae eos vero eos optio ti sint caricas, nunc mus iure."
    },
    "text": "<p>Ea usus ut troiano per eros, sem luctam per sit ille ad ti. Et rerum ea falsus nam usus at apostrophe, at perare non elit sunt eros et quae eos vero eos optio ti sint caricas, nunc mus iure. Aut commune eu parcam eos qui ad usus te convincere cum cum doloris quo’d pede te eros error w sit et iusto.</p>\n<p>Morbi piogenerant te populo a benevolentia. Nec criminis destituta proin alias impedient. Fames id purus si sint afflictum pusillus. Quo sit ante mandata eius. Octavas rem et daniae, facer error at, capere porta. Per eget et te mazim aspirare vindices odio leo esse. Zzril bonarum dui si parcam volumen. Quos v purus dui eget levitas ossibus meritum eum fiant.</p>\n\n<p>Aenean urna nunc, commodo et placerat at, efficitur vitae quam. Aliquam tristique sodales gravida. Vestibulum maximus posuere ullamcorper. Integer accumsan est in magna pellentesque elementum. Nunc aliquet risus nec tortor convallis, eget congue justo efficitur. Maecenas porta, dolor in ornare tempus, felis massa feugiat lectus, non pulvinar lacus nisi non dolor. Nulla sit amet pharetra libero, at vehicula mi. Nam a purus et tellus sodales tempor. Curabitur placerat magna mi, at aliquam turpis condimentum volutpat. Nulla ligula massa, congue sed efficitur nec, placerat ac ante. Sed tempor fringilla ligula, a vestibulum nisi porttitor ut. Praesent in velit in nisi dignissim luctus sit amet lobortis elit. Maecenas facilisis elit vitae ipsum vestibulum, et aliquam dolor finibus. Donec tempus lectus quis massa blandit varius. Orci varius natoque penatibus et magnis dis parturient montes, nascetur ridiculus mus.</p>\n<p>Curabitur ullamcorper leo mattis metus accumsan, eget tempus justo iaculis. Integer lacus elit, tincidunt et elementum eu, aliquam ac justo. Aenean euismod aliquam convallis. Nunc varius nulla in pellentesque aliquam. Cras hendrerit dui a nulla feugiat dapibus. Nullam eu massa sit amet ante scelerisque iaculis ac vel dui. In hac habitasse platea dictumst. Vivamus egestas odio in dapibus sodales. Aliquam quis nunc eu ipsum aliquam tincidunt. Etiam fringilla aliquet ligula in congue.</p>",
    "categories": [
      "Learning",
      "Thougts"
    ],
    "image": {
      "src": "liara/images/homepage/italy.jpg"
    },
    "copyright": {
      "title": "Johannes Plenio",
      "link": {
        "href": "https://pixabay.com/users/jplenio-7645255/?utm_source=link-attribution&amp;utm_medium=referral&amp;utm_campaign=image&amp;utm_content=3097456"
      }
    },
    "author": {
      "link": {
        "text": "Genere Nomina",
        "href": "/themes/liara/author/markus-zundel"
      },
      "image": {
        "src": "liara/images/peoples/men.jpg"
      }
    },
    "category": [
      {
        "link": {
          "text": "Lorem",
          "href": "/themes/liara/lorem"
        }
      },
      {
        "link": {
          "text": "Ipsum",
          "href": "/themes/liara/ipsum"
        }
      },
      {
        "link": {
          "text": "Morbi tincidunt",
          "href": "/themes/liara/morbi-tincidunt"
        }
      },
      {
        "link": {
          "text": "Maecenas iaculis ultrices",
          "href": "/themes/liara/maecenas-iaculis-ultrices"
        }
      }
    ],
    "publishedDate": "21. November 2019",
    "comments": ""
  },
  {
    "headline": {
      "text": "Quo Ea Publica Non Oppresso Ex Saepe Sessio",
      "subText": "",
      "link": {
        "href": "/themes/liara/how-we-rethink-our-approach-to-theme-design",
        "text": "Quo Ea Publica Non Oppresso Ex Saepe Sessio"
      }
    },
    "excerpt": {
      "text": "Nam’e ti culpa iste ea cum esse proin error sed, hic ac neque wisi id quo seacula? P quam innumeros mus non eum mus diam urna esse mus omnis si wisi omnis mi. P illis congue louor ea nec ipsam cum O urna paucis ea leo quos desideria nunc non quod omnis."
    },
    "text": "<h2>Lorem Ipsum Dolor Amet (h2)</h2><p>Orci te y <a href=\"#\">text link</a> M’a lius directi pede. Modernum occidit solatium assum, mi iactantia vel inauguratus eius. Eos crimen vitae, impavidum sunt facundissima ea, peccantibus id vero. Mus iustitiae longas incusando. Lacus similique minim assistere assum fabula vitium. Eos imperium principes dui, in spectaculum obviam consiliis sem. Nec totaliter magna dicta facilisis cubiculo. Essentiam <a href=\"#\">dictum enim</a> libero, et blandit tellus commodo ut. Ut augue nunc, luctus eu gravida in, auctor nec magna. Fusce nec nibh non leo consequat ultricies. Morbi et est tincidunt odio interdum dictum at nec leo. Duis volutpat lorem sed elit efficitur, vitae cursus tortor scelerisque. Vestibulum vestibulum ipsum sit amet dolor tempor posuere. Aliquam luctus ipsum eget enim elementum, rutrum ultricies ligula faucibus. In ac odio vehicula, semper augue et, porttitor metus. Cras <a href=\"#\">vehicula lacus sed augue</a> consequat, ac ornare turpis laoreet.</p>\n<h3>Lorem Ipsum Dolor Amet (h3)</h3><p>Etiam varius, tortor ac egestas posuere, lectus dolor accumsan nibh, sed gravida ex dolor <a href=\"#\">condimentum</a> leo. Aenean imperdiet augue vel felis euismod sagittis. Ut ac nisi ac mi gravida pretium id eu nulla. Phasellus eu est mattis, dignissim neque eu, interdum nisl. Nulla ligula ex, facilisis in mollis at, sagittis vel lorem. Cras rutrum arcu vel tincidunt commodo. Mauris vel viverra eros. Integer sit amet maximus ex.</p>\n<h4>Lorem Ipsum Dolor Amet (h4)</h4><p>Cras sit amet nibh dui. Maecenas non accumsan est. Maecenas elementum sapien ac velit sodales, eu maximus velit vehicula. Sed at aliquet sem. Donec tincidunt libero nec arcu maximus, eget dapibus elit porta. <a href=\"#\">Nullam tristique molestie</a> condimentum. Morbi fringilla justo vitae nisl vestibulum, sit amet placerat tortor consectetur. Sed commodo nisl sapien, sed luctus magna finibus sed.</p>\n<h5>Lorem Ipsum Dolor Amet (h5)</h5><p>In pellentesque tellus vel orci vestibulum, eget molestie elit vestibulum. Vestibulum ante ipsum primis in faucibus orci luctus et ultrices posuere cubilia Curae; Curabitur eu porta quam. Curabitur et lectus sit amet massa consequat iaculis quis in nibh. Quisque sed consequat ante, nec egestas elit. Sed sit amet sem in ante hendrerit tristique sed sed sapien. Donec vel urna at mauris cursus pharetra at <a href=\"#\">nec nibh</a>.</p>",
    "categories": [
      "Learning",
      "Thougts"
    ],
    "image": {
      "src": "liara/images/blog/road.jpg"
    },
    "copyright": {
      "title": "Johannes Plenio",
      "link": {
        "href": "https://pixabay.com/users/jplenio-7645255/?utm_source=link-attribution&amp;utm_medium=referral&amp;utm_campaign=image&amp;utm_content=3097456"
      }
    },
    "author": {
      "link": {
        "text": "Genere Nomina",
        "href": "/themes/liara/author/markus-zundel"
      },
      "image": {
        "src": "liara/images/peoples/men.jpg"
      }
    },
    "category": [
      {
        "link": {
          "text": "Lorem",
          "href": "/themes/liara/lorem"
        }
      },
      {
        "link": {
          "text": "Ipsum",
          "href": "/themes/liara/ipsum"
        }
      },
      {
        "link": {
          "text": "Morbi tincidunt",
          "href": "/themes/liara/morbi-tincidunt"
        }
      },
      {
        "link": {
          "text": "Maecenas iaculis ultrices",
          "href": "/themes/liara/maecenas-iaculis-ultrices"
        }
      }
    ],
    "publishedDate": "25. October 2019",
    "comments": ""
  },
  {
    "headline": {
      "text": "Rem Eum Nemo Nec Enim E’ex Quaedam Nemo In",
      "subText": "",
      "link": {
        "href": "/themes/liara/how-we-rethink-our-approach-to-theme-design",
        "text": "Rem Eum Nemo Nec Enim E’ex Quaedam Nemo In"
      }
    },
    "excerpt": {
      "text": "Mi’v filio dis qui eum ut 7017, est A alias P nunc vulncre augusta ea quos nibh eum convicia id modo y “Cum cras” dis mi odit nemo, odit A lius modo at assum ad absolute sint cum."
    },
    "text": "<p class=\"intro\">Mi’v filio dis qui eum ut 7017, est A alias P nunc vulncre augusta ea quos nibh eum convicia id modo y “Cum cras” dis mi odit nemo, odit A lius modo at assum ad absolute sint cum.</p>\n<p><span class=\"dropcap\">S</span>ed nulla turpis, pulvinar eget bibendum vehicula, pharetra vitae augue. Fusce sed ipsum vitae erat facilisis maximus. Morbi convallis semper quam sed finibus. Sed at neque lobortis, pellentesque massa non, tincidunt lectus. Nunc pretium velit ante, in porta dui blandit in. Etiam rutrum convallis risus sed laoreet. Integer ultrices odio id ipsum tincidunt, sit amet consectetur dui rutrum. </p>\n<h2>Orci te y h2 headline</h2>\n<p>Pellentesque hendrerit a nisi sed venenatis. Class aptent taciti sociosqu ad litora torquent per conubia nostra, per inceptos himenaeos. Vestibulum viverra lacus mauris, in pellentesque ligula ultrices nec. Sed viverra, magna ac elementum dignissim, ex orci ornare dui, id volutpat elit ex vitae ipsum.</p>\n<h3>Orci te y h3 headline</h3>\n<p>Morbi hendrerit non nisi ac pretium. Sed blandit ligula tellus. Donec tellus ligula, congue ac commodo eget, sollicitudin in ligula. Vestibulum porttitor est fermentum consectetur gravida. Vivamus congue dignissim mi fringilla molestie. Fusce nec enim felis. Integer arcu ligula, vehicula in viverra eu, ullamcorper non lorem. Mauris lectus dolor, maximus ac urna id, tristique molestie turpis. Duis elementum maximus posuere. Phasellus id quam ligula. Mauris vitae nunc id odio pulvinar tincidunt in eu arcu.</p>\n<h4>Orci te y h4 headline</h4>\n<p>Aliquam erat volutpat. Proin dictum, lorem sit amet interdum finibus, justo velit convallis leo, et egestas ex elit et nisi. Mauris erat arcu, lacinia eu aliquam ac, sodales non nibh. Class aptent taciti sociosqu ad litora torquent per conubia nostra, per inceptos himenaeos. </p>\n<h5>Orci te y h5 headline</h5>\n<p>Suspendisse sit amet eleifend mi. Nulla sagittis risus ut justo elementum vulputate. Praesent ac diam a sem mattis tincidunt ac vitae lacus. Nunc porta purus metus, sit amet auctor lorem convallis hendrerit. Cras pharetra dapibus ipsum non euismod. </p>\n<h6>Orci te y h6 headline</h6>\n<p>Vestibulum et risus ut neque volutpat sodales quis nec nunc. Mauris cursus lacinia turpis, eu rhoncus elit finibus quis. Integer sollicitudin neque pretium sapien vulputate, quis feugiat lacus pharetra. Duis hendrerit arcu sit amet tortor convallis bibendum. Cras malesuada turpis sem, id varius dolor porttitor a. Etiam sit amet arcu quis libero convallis congue. Nullam varius elit mi, ac faucibus mi eleifend et. In hac habitasse platea dictumst.</p>",
    "categories": [
      "Learning",
      "Thougts"
    ],
    "image": {
      "src": "liara/images/blog/beach.jpg"
    },
    "copyright": {
      "title": "Johannes Plenio",
      "link": {
        "href": "https://pixabay.com/users/jplenio-7645255/?utm_source=link-attribution&amp;utm_medium=referral&amp;utm_campaign=image&amp;utm_content=3097456"
      }
    },
    "author": {
      "link": {
        "text": "Genere Nomina",
        "href": "/themes/liara/author/markus-zundel"
      },
      "image": {
        "src": "liara/images/peoples/men.jpg"
      }
    },
    "category": [
      {
        "link": {
          "text": "Lorem",
          "href": "/themes/liara/lorem"
        }
      },
      {
        "link": {
          "text": "Ipsum",
          "href": "/themes/liara/ipsum"
        }
      },
      {
        "link": {
          "text": "Morbi tincidunt",
          "href": "/themes/liara/morbi-tincidunt"
        }
      },
      {
        "link": {
          "text": "Maecenas iaculis ultrices",
          "href": "/themes/liara/maecenas-iaculis-ultrices"
        }
      }
    ],
    "publishedDate": "23. November 2019",
    "comments": ""
  },
  {
    "headline": {
      "text": "Hac Y Quos Solenniter",
      "subText": "",
      "link": {
        "href": "/themes/liara/how-we-rethink-our-approach-to-theme-design",
        "text": "Hac Y Quos Solenniter"
      }
    },
    "excerpt": {
      "text": "Rem w duis nisi D nec clementiam ad leo diam et fructifera. Quo dicta justo ti’m donec aut et eos se quae, dis il malevoli atque ac nunc servire eros duis eum. "
    },
    "text": "<p>Rem w duis nisi D nec clementiam ad leo diam et fructifera. Quo dicta justo ti’m donec aut et eos se quae, dis il malevoli atque ac nunc servire eros duis eum. Eripere ad E pennata diam ex dapibus sint occidentem cum m sequi quo eum inncem aut tantum fusce quam sonini. Ut arcana nisl si se fuga, leo lius ipsa laudare’e urna typi mus unde te accessus hic usus capita quo fuga quas enim putamus eum effectu usus unde lius velit.</p>\n<p>Ea volumen quam ad ullam optio est nec quo diam fuga’y nunc urna in qui, viribus se eius eiusdem se. W vitae provident erat mutare suplex et arcu arcu ullam eum meliorem longas’w quod in nisl est quam non viscera ac. Ea ea gremio nec triduo te laboriosam. Magna ullo eum ac eius’e natus consilio sonini ea duis ad pede eu non maximum aut, urna eget nunc harum.</p>\n<p>Ex me Y cursum w eodem dicta D iactura quia id nuntios convaluit pietas si sit. S sunt dextre id usus assum quoquo quod regalia rem Y esse poenis poenam angulari dui v ullam ac m cadentes.</p>\n<p class=\"pull-left\">Parum A’p quod potentia at ea iure ut sem unde justo, innatus eget nec nisi te d unde, iure pede.</p>\n<p>Augue O’w arcu stataria et se odio si eum quos animi, statera orci nam iste id m urna, enim quas. A unde eos wisi ullo te qui aspernatur est harum harum eu nulla eum E typi apparet est domesticas W unde. Est dis ab facer wisi conservatione diam eorum nisl P erat te omnis liber nativo nam dui per usus ex P vero. S esse e eros significatio succursu, P minim me ipsam arcu dui semper quos nemo earum ipsa ad. Mus O iure ti sint eum. O nibh ut virtus nihil cum lius V eum’o urna ut augue atque iis ab fortem.</p>\n<p>A fuga in modo ex rem duis quo nec ante ea modo duis me E luptatum quis mi aut. Debent vel sequi id eget id sunt eu tristique si eu. P eius te per non hac opponite quas hac ripensi eos quas nisi per commenti il autem in honorem ipsa. Mi eos’se et m repudiandae hac ullo atque confessata et esse utrumque odio, non sem gloria ullo victus.</p>",
    "categories": [
      "Learning",
      "Thougts"
    ],
    "image": {
      "src": "liara/images/blog/death-valley.jpg"
    },
    "copyright": {
      "title": "Johannes Plenio",
      "link": {
        "href": "https://pixabay.com/users/jplenio-7645255/?utm_source=link-attribution&amp;utm_medium=referral&amp;utm_campaign=image&amp;utm_content=3097456"
      }
    },
    "author": {
      "link": {
        "text": "Genere Nomina",
        "href": "/themes/liara/author/markus-zundel"
      },
      "image": {
        "src": "liara/images/peoples/men.jpg"
      }
    },
    "category": [
      {
        "link": {
          "text": "Lorem",
          "href": "/themes/liara/lorem"
        }
      },
      {
        "link": {
          "text": "Ipsum",
          "href": "/themes/liara/ipsum"
        }
      },
      {
        "link": {
          "text": "Morbi tincidunt",
          "href": "/themes/liara/morbi-tincidunt"
        }
      },
      {
        "link": {
          "text": "Maecenas iaculis ultrices",
          "href": "/themes/liara/maecenas-iaculis-ultrices"
        }
      }
    ],
    "publishedDate": "22. November 2019",
    "comments": ""
  },
  {
    "headline": {
      "text": "Nostrum leo Segete Te Cum Minaci",
      "subText": "",
      "link": {
        "href": "/themes/liara/how-we-rethink-our-approach-to-theme-design",
        "text": "Nostrum leo Segete Te Cum Minaci"
      }
    },
    "excerpt": {
      "text": "Ea usus ut troiano per eros, sem luctam per sit ille ad ti. Et rerum ea falsus nam usus at apostrophe, at perare non elit sunt eros et quae eos vero eos optio ti sint caricas, nunc mus iure."
    },
    "text": "<p>Ea usus ut troiano per eros, sem luctam per sit ille ad ti. Et rerum ea falsus nam usus at apostrophe, at perare non elit sunt eros et quae eos vero eos optio ti sint caricas, nunc mus iure. Aut commune eu parcam eos qui ad usus te convincere cum cum doloris quo’d pede te eros error w sit et iusto.</p>\n<p>Morbi piogenerant te populo a benevolentia. Nec criminis destituta proin alias impedient. Fames id purus si sint afflictum pusillus. Quo sit ante mandata eius. Octavas rem et daniae, facer error at, capere porta. Per eget et te mazim aspirare vindices odio leo esse. Zzril bonarum dui si parcam volumen. Quos v purus dui eget levitas ossibus meritum eum fiant.</p>\n\n<p>Aenean urna nunc, commodo et placerat at, efficitur vitae quam. Aliquam tristique sodales gravida. Vestibulum maximus posuere ullamcorper. Integer accumsan est in magna pellentesque elementum. Nunc aliquet risus nec tortor convallis, eget congue justo efficitur. Maecenas porta, dolor in ornare tempus, felis massa feugiat lectus, non pulvinar lacus nisi non dolor. Nulla sit amet pharetra libero, at vehicula mi. Nam a purus et tellus sodales tempor. Curabitur placerat magna mi, at aliquam turpis condimentum volutpat. Nulla ligula massa, congue sed efficitur nec, placerat ac ante. Sed tempor fringilla ligula, a vestibulum nisi porttitor ut. Praesent in velit in nisi dignissim luctus sit amet lobortis elit. Maecenas facilisis elit vitae ipsum vestibulum, et aliquam dolor finibus. Donec tempus lectus quis massa blandit varius. Orci varius natoque penatibus et magnis dis parturient montes, nascetur ridiculus mus.</p>\n<p>Curabitur ullamcorper leo mattis metus accumsan, eget tempus justo iaculis. Integer lacus elit, tincidunt et elementum eu, aliquam ac justo. Aenean euismod aliquam convallis. Nunc varius nulla in pellentesque aliquam. Cras hendrerit dui a nulla feugiat dapibus. Nullam eu massa sit amet ante scelerisque iaculis ac vel dui. In hac habitasse platea dictumst. Vivamus egestas odio in dapibus sodales. Aliquam quis nunc eu ipsum aliquam tincidunt. Etiam fringilla aliquet ligula in congue.</p>",
    "categories": [
      "Learning",
      "Thougts"
    ],
    "image": {
      "src": "liara/images/homepage/italy.jpg"
    },
    "copyright": {
      "title": "Johannes Plenio",
      "link": {
        "href": "https://pixabay.com/users/jplenio-7645255/?utm_source=link-attribution&amp;utm_medium=referral&amp;utm_campaign=image&amp;utm_content=3097456"
      }
    },
    "author": {
      "link": {
        "text": "Genere Nomina",
        "href": "/themes/liara/author/markus-zundel"
      },
      "image": {
        "src": "liara/images/peoples/men.jpg"
      }
    },
    "category": [
      {
        "link": {
          "text": "Lorem",
          "href": "/themes/liara/lorem"
        }
      },
      {
        "link": {
          "text": "Ipsum",
          "href": "/themes/liara/ipsum"
        }
      },
      {
        "link": {
          "text": "Morbi tincidunt",
          "href": "/themes/liara/morbi-tincidunt"
        }
      },
      {
        "link": {
          "text": "Maecenas iaculis ultrices",
          "href": "/themes/liara/maecenas-iaculis-ultrices"
        }
      }
    ],
    "publishedDate": "21. November 2019",
    "comments": ""
  },
  {
    "headline": {
      "text": "Quo Ea Publica Non Oppresso Ex Saepe Sessio",
      "subText": "",
      "link": {
        "href": "/themes/liara/how-we-rethink-our-approach-to-theme-design",
        "text": "Quo Ea Publica Non Oppresso Ex Saepe Sessio"
      }
    },
    "excerpt": {
      "text": "Nam’e ti culpa iste ea cum esse proin error sed, hic ac neque wisi id quo seacula? P quam innumeros mus non eum mus diam urna esse mus omnis si wisi omnis mi. P illis congue louor ea nec ipsam cum O urna paucis ea leo quos desideria nunc non quod omnis."
    },
    "text": "<h2>Lorem Ipsum Dolor Amet (h2)</h2><p>Orci te y <a href=\"#\">text link</a> M’a lius directi pede. Modernum occidit solatium assum, mi iactantia vel inauguratus eius. Eos crimen vitae, impavidum sunt facundissima ea, peccantibus id vero. Mus iustitiae longas incusando. Lacus similique minim assistere assum fabula vitium. Eos imperium principes dui, in spectaculum obviam consiliis sem. Nec totaliter magna dicta facilisis cubiculo. Essentiam <a href=\"#\">dictum enim</a> libero, et blandit tellus commodo ut. Ut augue nunc, luctus eu gravida in, auctor nec magna. Fusce nec nibh non leo consequat ultricies. Morbi et est tincidunt odio interdum dictum at nec leo. Duis volutpat lorem sed elit efficitur, vitae cursus tortor scelerisque. Vestibulum vestibulum ipsum sit amet dolor tempor posuere. Aliquam luctus ipsum eget enim elementum, rutrum ultricies ligula faucibus. In ac odio vehicula, semper augue et, porttitor metus. Cras <a href=\"#\">vehicula lacus sed augue</a> consequat, ac ornare turpis laoreet.</p>\n<h3>Lorem Ipsum Dolor Amet (h3)</h3><p>Etiam varius, tortor ac egestas posuere, lectus dolor accumsan nibh, sed gravida ex dolor <a href=\"#\">condimentum</a> leo. Aenean imperdiet augue vel felis euismod sagittis. Ut ac nisi ac mi gravida pretium id eu nulla. Phasellus eu est mattis, dignissim neque eu, interdum nisl. Nulla ligula ex, facilisis in mollis at, sagittis vel lorem. Cras rutrum arcu vel tincidunt commodo. Mauris vel viverra eros. Integer sit amet maximus ex.</p>\n<h4>Lorem Ipsum Dolor Amet (h4)</h4><p>Cras sit amet nibh dui. Maecenas non accumsan est. Maecenas elementum sapien ac velit sodales, eu maximus velit vehicula. Sed at aliquet sem. Donec tincidunt libero nec arcu maximus, eget dapibus elit porta. <a href=\"#\">Nullam tristique molestie</a> condimentum. Morbi fringilla justo vitae nisl vestibulum, sit amet placerat tortor consectetur. Sed commodo nisl sapien, sed luctus magna finibus sed.</p>\n<h5>Lorem Ipsum Dolor Amet (h5)</h5><p>In pellentesque tellus vel orci vestibulum, eget molestie elit vestibulum. Vestibulum ante ipsum primis in faucibus orci luctus et ultrices posuere cubilia Curae; Curabitur eu porta quam. Curabitur et lectus sit amet massa consequat iaculis quis in nibh. Quisque sed consequat ante, nec egestas elit. Sed sit amet sem in ante hendrerit tristique sed sed sapien. Donec vel urna at mauris cursus pharetra at <a href=\"#\">nec nibh</a>.</p>",
    "categories": [
      "Learning",
      "Thougts"
    ],
    "image": {
      "src": "liara/images/blog/road.jpg"
    },
    "copyright": {
      "title": "Johannes Plenio",
      "link": {
        "href": "https://pixabay.com/users/jplenio-7645255/?utm_source=link-attribution&amp;utm_medium=referral&amp;utm_campaign=image&amp;utm_content=3097456"
      }
    },
    "author": {
      "link": {
        "text": "Genere Nomina",
        "href": "/themes/liara/author/markus-zundel"
      },
      "image": {
        "src": "liara/images/peoples/men.jpg"
      }
    },
    "category": [
      {
        "link": {
          "text": "Lorem",
          "href": "/themes/liara/lorem"
        }
      },
      {
        "link": {
          "text": "Ipsum",
          "href": "/themes/liara/ipsum"
        }
      },
      {
        "link": {
          "text": "Morbi tincidunt",
          "href": "/themes/liara/morbi-tincidunt"
        }
      },
      {
        "link": {
          "text": "Maecenas iaculis ultrices",
          "href": "/themes/liara/maecenas-iaculis-ultrices"
        }
      }
    ],
    "publishedDate": "25. October 2019",
    "comments": ""
  },
  {
    "headline": {
      "text": "Rem Eum Nemo Nec Enim E’ex Quaedam Nemo In",
      "subText": "",
      "link": {
        "href": "/themes/liara/how-we-rethink-our-approach-to-theme-design",
        "text": "Rem Eum Nemo Nec Enim E’ex Quaedam Nemo In"
      }
    },
    "excerpt": {
      "text": "Mi’v filio dis qui eum ut 7017, est A alias P nunc vulncre augusta ea quos nibh eum convicia id modo y “Cum cras” dis mi odit nemo, odit A lius modo at assum ad absolute sint cum."
    },
    "text": "<p class=\"intro\">Mi’v filio dis qui eum ut 7017, est A alias P nunc vulncre augusta ea quos nibh eum convicia id modo y “Cum cras” dis mi odit nemo, odit A lius modo at assum ad absolute sint cum.</p>\n<p><span class=\"dropcap\">S</span>ed nulla turpis, pulvinar eget bibendum vehicula, pharetra vitae augue. Fusce sed ipsum vitae erat facilisis maximus. Morbi convallis semper quam sed finibus. Sed at neque lobortis, pellentesque massa non, tincidunt lectus. Nunc pretium velit ante, in porta dui blandit in. Etiam rutrum convallis risus sed laoreet. Integer ultrices odio id ipsum tincidunt, sit amet consectetur dui rutrum. </p>\n<h2>Orci te y h2 headline</h2>\n<p>Pellentesque hendrerit a nisi sed venenatis. Class aptent taciti sociosqu ad litora torquent per conubia nostra, per inceptos himenaeos. Vestibulum viverra lacus mauris, in pellentesque ligula ultrices nec. Sed viverra, magna ac elementum dignissim, ex orci ornare dui, id volutpat elit ex vitae ipsum.</p>\n<h3>Orci te y h3 headline</h3>\n<p>Morbi hendrerit non nisi ac pretium. Sed blandit ligula tellus. Donec tellus ligula, congue ac commodo eget, sollicitudin in ligula. Vestibulum porttitor est fermentum consectetur gravida. Vivamus congue dignissim mi fringilla molestie. Fusce nec enim felis. Integer arcu ligula, vehicula in viverra eu, ullamcorper non lorem. Mauris lectus dolor, maximus ac urna id, tristique molestie turpis. Duis elementum maximus posuere. Phasellus id quam ligula. Mauris vitae nunc id odio pulvinar tincidunt in eu arcu.</p>\n<h4>Orci te y h4 headline</h4>\n<p>Aliquam erat volutpat. Proin dictum, lorem sit amet interdum finibus, justo velit convallis leo, et egestas ex elit et nisi. Mauris erat arcu, lacinia eu aliquam ac, sodales non nibh. Class aptent taciti sociosqu ad litora torquent per conubia nostra, per inceptos himenaeos. </p>\n<h5>Orci te y h5 headline</h5>\n<p>Suspendisse sit amet eleifend mi. Nulla sagittis risus ut justo elementum vulputate. Praesent ac diam a sem mattis tincidunt ac vitae lacus. Nunc porta purus metus, sit amet auctor lorem convallis hendrerit. Cras pharetra dapibus ipsum non euismod. </p>\n<h6>Orci te y h6 headline</h6>\n<p>Vestibulum et risus ut neque volutpat sodales quis nec nunc. Mauris cursus lacinia turpis, eu rhoncus elit finibus quis. Integer sollicitudin neque pretium sapien vulputate, quis feugiat lacus pharetra. Duis hendrerit arcu sit amet tortor convallis bibendum. Cras malesuada turpis sem, id varius dolor porttitor a. Etiam sit amet arcu quis libero convallis congue. Nullam varius elit mi, ac faucibus mi eleifend et. In hac habitasse platea dictumst.</p>",
    "categories": [
      "Learning",
      "Thougts"
    ],
    "image": {
      "src": "liara/images/blog/beach.jpg"
    },
    "copyright": {
      "title": "Johannes Plenio",
      "link": {
        "href": "https://pixabay.com/users/jplenio-7645255/?utm_source=link-attribution&amp;utm_medium=referral&amp;utm_campaign=image&amp;utm_content=3097456"
      }
    },
    "author": {
      "link": {
        "text": "Genere Nomina",
        "href": "/themes/liara/author/markus-zundel"
      },
      "image": {
        "src": "liara/images/peoples/men.jpg"
      }
    },
    "category": [
      {
        "link": {
          "text": "Lorem",
          "href": "/themes/liara/lorem"
        }
      },
      {
        "link": {
          "text": "Ipsum",
          "href": "/themes/liara/ipsum"
        }
      },
      {
        "link": {
          "text": "Morbi tincidunt",
          "href": "/themes/liara/morbi-tincidunt"
        }
      },
      {
        "link": {
          "text": "Maecenas iaculis ultrices",
          "href": "/themes/liara/maecenas-iaculis-ultrices"
        }
      }
    ],
    "publishedDate": "23. November 2019",
    "comments": ""
  },
  {
    "headline": {
      "text": "Hac Y Quos Solenniter",
      "subText": "",
      "link": {
        "href": "/themes/liara/how-we-rethink-our-approach-to-theme-design",
        "text": "Hac Y Quos Solenniter"
      }
    },
    "excerpt": {
      "text": "Rem w duis nisi D nec clementiam ad leo diam et fructifera. Quo dicta justo ti’m donec aut et eos se quae, dis il malevoli atque ac nunc servire eros duis eum. "
    },
    "text": "<p>Rem w duis nisi D nec clementiam ad leo diam et fructifera. Quo dicta justo ti’m donec aut et eos se quae, dis il malevoli atque ac nunc servire eros duis eum. Eripere ad E pennata diam ex dapibus sint occidentem cum m sequi quo eum inncem aut tantum fusce quam sonini. Ut arcana nisl si se fuga, leo lius ipsa laudare’e urna typi mus unde te accessus hic usus capita quo fuga quas enim putamus eum effectu usus unde lius velit.</p>\n<p>Ea volumen quam ad ullam optio est nec quo diam fuga’y nunc urna in qui, viribus se eius eiusdem se. W vitae provident erat mutare suplex et arcu arcu ullam eum meliorem longas’w quod in nisl est quam non viscera ac. Ea ea gremio nec triduo te laboriosam. Magna ullo eum ac eius’e natus consilio sonini ea duis ad pede eu non maximum aut, urna eget nunc harum.</p>\n<p>Ex me Y cursum w eodem dicta D iactura quia id nuntios convaluit pietas si sit. S sunt dextre id usus assum quoquo quod regalia rem Y esse poenis poenam angulari dui v ullam ac m cadentes.</p>\n<p class=\"pull-left\">Parum A’p quod potentia at ea iure ut sem unde justo, innatus eget nec nisi te d unde, iure pede.</p>\n<p>Augue O’w arcu stataria et se odio si eum quos animi, statera orci nam iste id m urna, enim quas. A unde eos wisi ullo te qui aspernatur est harum harum eu nulla eum E typi apparet est domesticas W unde. Est dis ab facer wisi conservatione diam eorum nisl P erat te omnis liber nativo nam dui per usus ex P vero. S esse e eros significatio succursu, P minim me ipsam arcu dui semper quos nemo earum ipsa ad. Mus O iure ti sint eum. O nibh ut virtus nihil cum lius V eum’o urna ut augue atque iis ab fortem.</p>\n<p>A fuga in modo ex rem duis quo nec ante ea modo duis me E luptatum quis mi aut. Debent vel sequi id eget id sunt eu tristique si eu. P eius te per non hac opponite quas hac ripensi eos quas nisi per commenti il autem in honorem ipsa. Mi eos’se et m repudiandae hac ullo atque confessata et esse utrumque odio, non sem gloria ullo victus.</p>",
    "categories": [
      "Learning",
      "Thougts"
    ],
    "image": {
      "src": "liara/images/blog/death-valley.jpg"
    },
    "copyright": {
      "title": "Johannes Plenio",
      "link": {
        "href": "https://pixabay.com/users/jplenio-7645255/?utm_source=link-attribution&amp;utm_medium=referral&amp;utm_campaign=image&amp;utm_content=3097456"
      }
    },
    "author": {
      "link": {
        "text": "Genere Nomina",
        "href": "/themes/liara/author/markus-zundel"
      },
      "image": {
        "src": "liara/images/peoples/men.jpg"
      }
    },
    "category": [
      {
        "link": {
          "text": "Lorem",
          "href": "/themes/liara/lorem"
        }
      },
      {
        "link": {
          "text": "Ipsum",
          "href": "/themes/liara/ipsum"
        }
      },
      {
        "link": {
          "text": "Morbi tincidunt",
          "href": "/themes/liara/morbi-tincidunt"
        }
      },
      {
        "link": {
          "text": "Maecenas iaculis ultrices",
          "href": "/themes/liara/maecenas-iaculis-ultrices"
        }
      }
    ],
    "publishedDate": "22. November 2019",
    "comments": ""
  },
  {
    "headline": {
      "text": "Nostrum leo Segete Te Cum Minaci",
      "subText": "",
      "link": {
        "href": "/themes/liara/how-we-rethink-our-approach-to-theme-design",
        "text": "Nostrum leo Segete Te Cum Minaci"
      }
    },
    "excerpt": {
      "text": "Ea usus ut troiano per eros, sem luctam per sit ille ad ti. Et rerum ea falsus nam usus at apostrophe, at perare non elit sunt eros et quae eos vero eos optio ti sint caricas, nunc mus iure."
    },
    "text": "<p>Ea usus ut troiano per eros, sem luctam per sit ille ad ti. Et rerum ea falsus nam usus at apostrophe, at perare non elit sunt eros et quae eos vero eos optio ti sint caricas, nunc mus iure. Aut commune eu parcam eos qui ad usus te convincere cum cum doloris quo’d pede te eros error w sit et iusto.</p>\n<p>Morbi piogenerant te populo a benevolentia. Nec criminis destituta proin alias impedient. Fames id purus si sint afflictum pusillus. Quo sit ante mandata eius. Octavas rem et daniae, facer error at, capere porta. Per eget et te mazim aspirare vindices odio leo esse. Zzril bonarum dui si parcam volumen. Quos v purus dui eget levitas ossibus meritum eum fiant.</p>\n\n<p>Aenean urna nunc, commodo et placerat at, efficitur vitae quam. Aliquam tristique sodales gravida. Vestibulum maximus posuere ullamcorper. Integer accumsan est in magna pellentesque elementum. Nunc aliquet risus nec tortor convallis, eget congue justo efficitur. Maecenas porta, dolor in ornare tempus, felis massa feugiat lectus, non pulvinar lacus nisi non dolor. Nulla sit amet pharetra libero, at vehicula mi. Nam a purus et tellus sodales tempor. Curabitur placerat magna mi, at aliquam turpis condimentum volutpat. Nulla ligula massa, congue sed efficitur nec, placerat ac ante. Sed tempor fringilla ligula, a vestibulum nisi porttitor ut. Praesent in velit in nisi dignissim luctus sit amet lobortis elit. Maecenas facilisis elit vitae ipsum vestibulum, et aliquam dolor finibus. Donec tempus lectus quis massa blandit varius. Orci varius natoque penatibus et magnis dis parturient montes, nascetur ridiculus mus.</p>\n<p>Curabitur ullamcorper leo mattis metus accumsan, eget tempus justo iaculis. Integer lacus elit, tincidunt et elementum eu, aliquam ac justo. Aenean euismod aliquam convallis. Nunc varius nulla in pellentesque aliquam. Cras hendrerit dui a nulla feugiat dapibus. Nullam eu massa sit amet ante scelerisque iaculis ac vel dui. In hac habitasse platea dictumst. Vivamus egestas odio in dapibus sodales. Aliquam quis nunc eu ipsum aliquam tincidunt. Etiam fringilla aliquet ligula in congue.</p>",
    "categories": [
      "Learning",
      "Thougts"
    ],
    "image": {
      "src": "liara/images/homepage/italy.jpg"
    },
    "copyright": {
      "title": "Johannes Plenio",
      "link": {
        "href": "https://pixabay.com/users/jplenio-7645255/?utm_source=link-attribution&amp;utm_medium=referral&amp;utm_campaign=image&amp;utm_content=3097456"
      }
    },
    "author": {
      "link": {
        "text": "Genere Nomina",
        "href": "/themes/liara/author/markus-zundel"
      },
      "image": {
        "src": "liara/images/peoples/men.jpg"
      }
    },
    "category": [
      {
        "link": {
          "text": "Lorem",
          "href": "/themes/liara/lorem"
        }
      },
      {
        "link": {
          "text": "Ipsum",
          "href": "/themes/liara/ipsum"
        }
      },
      {
        "link": {
          "text": "Morbi tincidunt",
          "href": "/themes/liara/morbi-tincidunt"
        }
      },
      {
        "link": {
          "text": "Maecenas iaculis ultrices",
          "href": "/themes/liara/maecenas-iaculis-ultrices"
        }
      }
    ],
    "publishedDate": "21. November 2019",
    "comments": ""
  }
]
